{"cameraMode":{"drawMode":0,"name":"Shaded","section":"Shading Mode"},"sceneLighting":true,"audioPlay":false,"sceneViewState":{"showFog":true,"showMaterialUpdate":false,"showSkybox":true,"showFlares":true,"showImageEffects":true,"showParticleSystems":true},"in2DMode":false,"pivot":{"x":2.8821520805358888,"y":8.243061065673829,"z":1.3890612125396729},"rotation":{"x":0.03796334192156792,"y":-0.9108226299285889,"z":0.4021708071231842,"w":0.0857553631067276},"size":1.3773751258850098,"orthographic":false}