{"cameraMode":{"drawMode":0,"name":"Shaded","section":"Shading Mode"},"sceneLighting":true,"audioPlay":false,"sceneViewState":{"showFog":true,"showMaterialUpdate":false,"showSkybox":true,"showFlares":true,"showImageEffects":true,"showParticleSystems":true},"in2DMode":false,"pivot":{"x":-0.27855488657951357,"y":0.75,"z":9.987289428710938},"rotation":{"x":-0.01380279753357172,"y":0.04528225585818291,"z":-0.0005016862996853888,"w":-0.9989489912986755},"size":3.1000680923461916,"orthographic":false}