{"cameraMode":{"drawMode":0,"name":"Shaded","section":"Shading Mode"},"sceneLighting":false,"audioPlay":false,"sceneViewState":{"showFog":true,"showMaterialUpdate":false,"showSkybox":false,"showFlares":true,"showImageEffects":true,"showParticleSystems":true},"in2DMode":false,"pivot":{"x":127.14266967773438,"y":180.74671936035157,"z":-5.8524169921875},"rotation":{"x":0.013811885379254818,"y":-0.013205333612859249,"z":0.000050570626626722515,"w":0.9998888373374939},"size":332.7068176269531,"orthographic":false}