{"cameraMode":{"drawMode":0,"name":"Shaded","section":"Shading Mode"},"sceneLighting":true,"audioPlay":false,"sceneViewState":{"showFog":true,"showMaterialUpdate":false,"showSkybox":true,"showFlares":true,"showImageEffects":true,"showParticleSystems":true},"in2DMode":false,"pivot":{"x":-0.2496475726366043,"y":4.3061203956604,"z":0.4343290328979492},"rotation":{"x":0.0022649557795375587,"y":-0.9967896938323975,"z":0.07670924812555313,"w":0.02630925551056862},"size":7.3956522941589359,"orthographic":false}