{"cameraMode":{"drawMode":0,"name":"Shaded","section":"Shading Mode"},"sceneLighting":false,"audioPlay":false,"sceneViewState":{"showFog":true,"showMaterialUpdate":false,"showSkybox":false,"showFlares":true,"showImageEffects":true,"showParticleSystems":true},"in2DMode":false,"pivot":{"x":2.292494773864746,"y":2.193474054336548,"z":-1.832986831665039},"rotation":{"x":0.10556453466415405,"y":0.7595146298408508,"z":0.12737537920475007,"w":-0.6291773319244385},"size":1.2000572681427003,"orthographic":false}