{"cameraMode":{"drawMode":0,"name":"Shaded","section":"Shading Mode"},"sceneLighting":true,"audioPlay":false,"sceneViewState":{"showFog":true,"showMaterialUpdate":false,"showSkybox":true,"showFlares":true,"showImageEffects":true,"showParticleSystems":true},"in2DMode":false,"pivot":{"x":-4.278966426849365,"y":1.0725963115692139,"z":6.971500396728516},"rotation":{"x":-0.0016650912584736944,"y":-0.38132989406585696,"z":0.0007111275917850435,"w":-0.9244946837425232},"size":3.1000680923461916,"orthographic":false}